{
  "(0.0001, 0.0001)": 0.9515384615384616,
  "(0.0001, 0.0005)": 0.953076923076923,
  "(0.0001, 0.001)": 0.95,
  "(0.0001, 0.005)": 0.8992307692307693,
  "(0.0001, 0.01)": 0.8776923076923077,
  "(0.0001, 0.05)": 0.926923076923077,
  "(0.0001, 0.1)": 0.9138461538461539,
  "(0.0001, 0.5)": 0.9153846153846154,
  "(0.0005, 0.0001)": 0.953076923076923,
  "(0.0005, 0.0005)": 0.9569230769230769,
  "(0.0005, 0.001)": 0.9592307692307692,
  "(0.0005, 0.005)": 0.9392307692307692,
  "(0.0005, 0.01)": 0.9215384615384615,
  "(0.0005, 0.05)": 0.7661538461538462,
  "(0.0005, 0.1)": 0.8492307692307692,
  "(0.0005, 0.5)": 0.8592307692307692,
  "(0.001, 0.0001)": 0.9623076923076923,
  "(0.001, 0.0005)": 0.9623076923076923,
  "(0.001, 0.001)": 0.953076923076923,
  "(0.001, 0.005)": 0.6023076923076923,
  "(0.001, 0.01)": 0.5992307692307692,
  "(0.001, 0.05)": 0.926923076923077,
  "(0.001, 0.1)": 0.8753846153846154,
  "(0.001, 0.5)": 0.8192307692307692,
  "(0.005, 0.0001)": 0.9546153846153846,
  "(0.005, 0.0005)": 0.9438461538461539,
  "(0.005, 0.001)": 0.5169230769230769,
  "(0.005, 0.005)": 0.48384615384615387,
  "(0.005, 0.01)": 0.6615384615384615,
  "(0.005, 0.05)": 0.6884615384615385,
  "(0.005, 0.1)": 0.7107692307692308,
  "(0.005, 0.5)": 0.5723076923076923,
  "(0.01, 0.0001)": 0.953076923076923,
  "(0.01, 0.0005)": 0.46,
  "(0.01, 0.001)": 0.38153846153846155,
  "(0.01, 0.005)": 0.7069230769230769,
  "(0.01, 0.01)": 0.7753846153846153,
  "(0.01, 0.05)": 0.7223076923076923,
  "(0.01, 0.1)": 0.7423076923076923,
  "(0.01, 0.5)": 0.6007692307692307,
  "(0.05, 0.0001)": 0.4823076923076923,
  "(0.05, 0.0005)": 0.7607692307692308,
  "(0.05, 0.001)": 0.5823076923076923,
  "(0.05, 0.005)": 0.7061538461538461,
  "(0.05, 0.01)": 0.7230769230769231,
  "(0.05, 0.05)": 0.4584615384615385,
  "(0.05, 0.1)": 0.8523076923076923,
  "(0.05, 0.5)": 0.2623076923076923,
  "(0.1, 0.0001)": 0.43,
  "(0.1, 0.0005)": 0.6176923076923077,
  "(0.1, 0.001)": 0.7584615384615384,
  "(0.1, 0.005)": 0.703076923076923,
  "(0.1, 0.01)": 0.7,
  "(0.1, 0.05)": 0.2630769230769231,
  "(0.1, 0.1)": 0.2623076923076923,
  "(0.1, 0.5)": 0.2623076923076923,
  "(0.5, 0.0001)": 0.7184615384615385,
  "(0.5, 0.0005)": 0.7453846153846154,
  "(0.5, 0.001)": 0.7107692307692308,
  "(0.5, 0.005)": 0.5715384615384616,
  "(0.5, 0.01)": 0.2630769230769231,
  "(0.5, 0.05)": 0.8792307692307693,
  "(0.5, 0.1)": 0.2623076923076923,
  "(0.5, 0.5)": 0.2623076923076923
}
