{
  "0.01": 0.9653846153846154,
  "0.1": 0.9638461538461538,
  "0.5": 0.9646153846153847,
  "1": 0.9676923076923077,
  "2": 0.9592307692307692,
  "5": 0.9115384615384615,
  "10": 0.7669230769230769,
  "20": 0.7376923076923076,
  "50": 0.7376923076923076,
  "100": 0.7376923076923076
}
