{
  "(0.1, 2)": 0.7376923076923076,
  "(0.1, 3)": 0.9569230769230769,
  "(0.1, 4)": 0.7376923076923076,
  "(0.1, 5)": 0.9523076923076923,
  "(0.5, 2)": 0.7376923076923076,
  "(0.5, 3)": 0.9646153846153847,
  "(0.5, 4)": 0.7376923076923076,
  "(0.5, 5)": 0.9576923076923077,
  "(1, 2)": 0.7376923076923076,
  "(1, 3)": 0.9653846153846154,
  "(1, 4)": 0.7376923076923076,
  "(1, 5)": 0.9646153846153847,
  "(5, 2)": 0.7376923076923076,
  "(5, 3)": 0.9669230769230769,
  "(5, 4)": 0.7376923076923076,
  "(5, 5)": 0.9692307692307692
}
